"pathway","pval","padj","log2err","ES","NES","size","leadingEdge"
"HALLMARK_ADIPOGENESIS",2.2812721133045e-07,1.14063605665225e-05,0.690132458796796,0.500893238521872,1.93110677528105,183,"SPARCL1;GPX3;STOM;OMD;COL4A1;PREB;TST;LEP;SLC5A6;ACADS;MAP4K3;CD302;BCL6;FZD4;PPARG;STAT5A;SORBS1;PPM1B;CAT;ANGPT1;TANK;SLC1A5;UQCRC1;RIOK3;GBE1;ITSN1;PFKFB3;FABP4;MCCC1;LPCAT3;CMPK1;GPD2;DLAT;JAGN1;DHRS7B;MRPL15;GRPEL1;PHLDB1;PEMT;IFNGR1;LIPE;CHUK;UBQLN1;MGLL;LIFR;ALDH2;DNAJC15;ANGPTL4;DDT;ADIPOR2;PRDX3;POR;ACADM;UBC;ATL2;NABP1;SLC25A1;ECH1"
"HALLMARK_TNFA_SIGNALING_VIA_NFKB",3.26644726511172e-06,8.16611816277931e-05,0.627256739718528,0.484937212180889,1.86268607565322,175,"DUSP1;PER1;PTX3;DNAJB4;TSC22D1;CEBPD;IRS2;KLF9;PDLIM5;NR4A3;ATF3;CFLAR;MAFF;MAP3K8;GADD45B;KLF6;DUSP5;SAT1;RHOB;TGIF1;MYC;NFIL3;BCL6;NAMPT;GCH1;GFPT2;STAT5A;MCL1;TNIP1;CCNL1;NR4A1;INHBA;TANK;MAP2K3;SERPINB8;TNIP2;NFKBIA;SGK1;TIPARP;F3;PFKFB3;TNFAIP3;BTG1;CSF1;EHD1;GEM;PNRC1;SOD2;PANX1;PTPRE;LDLR;ZBTB10;ATP2B1;ZFP36;RCAN1;CEBPB;FJX1;TNFAIP8;FUT4"
"HALLMARK_ANDROGEN_RESPONSE",0.000303863471451482,0.00506439119085803,0.49849310876659,0.507123191773238,1.77624780105876,89,"ADAMTS1;TSC22D1;PDLIM5;FKBP5;STEAP4;CDC14B;SAT1;SLC38A2;CCND3;MYL12A;TMEM50A;SPCS3;SRF;DHCR24;UAP1;GPD1L;GSR;PTK2B;UBE2J1;VAPA;ABCC4;SGK1;SLC26A2;ABHD2;ELOVL5;ZBTB10;TNFAIP8;CAMKK2;BMPR1B;HERC3;ELL2;LIFR;ACTN1"
"HALLMARK_P53_PATHWAY",0.000448256825437052,0.00560321031796315,0.49849310876659,-0.375269486871429,-1.60624808622639,177,"CDKN1A;RAP2B;HSPA4L;LIF;PLK2;CDKN2B;SLC7A11;FGF13;RRAD;SDC1;FDXR;SOCS1;TRIB3;CYFIP2;JUN;MDM2;PCNA;DDIT3;XPC;IER3;ZFP36L1;NOTCH1;ZMAT3;NINJ1;KLF4;CASP1;VWA5A;ZNF365;UPP1;PPM1D;CCND2;TP53;HMOX1;CLCA2;POLH;RALGDS;BTG2;TSPYL2;TRAF4;TNFSF9;CDKN2A;SEC61A1;NUPR1;JAG2;DDB2;S100A4;ADA;PLXNB2"
"HALLMARK_IL2_STAT5_SIGNALING",0.000953936651027048,0.00794947209189207,0.477270815362862,0.430295198462562,1.61940907762966,152,"ANXA4;DHRS3;MAFF;NCOA3;MAP3K8;GADD45B;KLF6;EMP1;MYO1E;RHOB;SWAP70;CCND3;MYC;PLEC;LCLAT1;NFIL3;HIPK2;SPRED2;MUC1;CASP3;IGF1R;BATF3;SLC1A5;GABARAPL1;ALCAM;FURIN;TNFRSF1B;MYO1C;GSTO1;SYNGR2;RORA;PRKCH;IRF4;NFKBIZ;CDC42SE2;CSF1;ENPP1;AHNAK;ITGA6;MAPKAPK2;NOP2;TGM2;ADAM19;PUS1;PNP;IFNGR1"
"HALLMARK_OXIDATIVE_PHOSPHORYLATION",0.000951279445870984,0.00794947209189207,0.477270815362862,0.419872693595845,1.61382822566499,181,"ALDH6A1;CPT1A;LDHA;CYB5A;COX11;VDAC2;ISCA1;UQCRC1;SLC25A4;IDH2;ATP1B1;PDK4;ATP6V1E1;DLAT;ATP6V0B;ECI1;MPC1;ACADSB;TCIRG1;MRPL15;GRPEL1;ETFA;MAOB;SLC25A12;FH;GLUD1;SLC25A3;ATP6V0E1;PRDX3;PDHB;POR;ACADM;CYB5R3;ECH1;NDUFC2;ATP6V1D;HADHA;DLST;MRPL34;POLR2F;NDUFA4;NDUFA1;MDH2;HSD17B10;CYCS;VDAC1;COX7A2;SDHD;HADHB;MRPS12;COX8A;IDH3A;AFG3L2;ACAT1;NDUFA5;PMPCA;ATP6V1C1;ACAA2;COX10;NDUFS1;NDUFV1;SDHB;TIMM13;OPA1;LDHB;UQCRFS1;IMMT;COX5A;NDUFB6;CYC1"
"HALLMARK_COMPLEMENT",0.00149440885477015,0.0102138048955049,0.45505986738723,0.427822226880482,1.60103675401365,144,"CTSC;MAFF;COL4A2;RAF1;DUSP5;GNB4;DGKH;MMP15;SERPING1;GMFB;CASP3;PPP2CB;PREP;MSRB1;PSEN1;LGMN;PIK3CA;JAK2;CFH;CALM1;ZEB1;ANG;F10;F3;GNB2;TNFAIP3;GPD2;CPM;EHD1;CEBPB;CBLB;C1R;GCA;IRF2;VCPIP1;USP14;LYN;PPP4C;PFN1;SRC;CTSB;SH2B3;USP16;CDH13;LIPA;SERPINE1;ANXA5;CXCL1"
"HALLMARK_XENOBIOTIC_METABOLISM",0.00163420878328078,0.0102138048955049,0.45505986738723,0.422636897628372,1.59336870960773,154,"MAOA;MT2A;PDLIM5;DCXR;ATP2A2;SPINT2;ADH1C;GCH1;SLC35D1;CAT;NPC1;GSR;CYB5A;AOX1;MAN1A1;SLC1A5;GABARAPL1;ATOH8;GSTO1;ABCC3;UGDH;SSR3;F10;TMBIM6;PDK4;ARPP19;MCCC2;ACP2;XDH;ELOVL5;PINK1;GCNT2;PEMT;MTHFD1;ADH5;SAR1B;ASL;HSD11B1;ALDH2;CDO1;TMEM176B;PAPSS2;DDT;POR;ABHD6;ECH1;COMT;PROS1;PC;PMM1;FMO3;ID2;PPARD;ENTPD5;TMEM97"
"HALLMARK_E2F_TARGETS",0.00242783317530536,0.0121391658765268,0.431707695803346,-0.345599680958883,-1.4922688693881,192,"CDKN1A;TUBB;CDK4;CIT;BRCA1;PCNA;LIG1;CBX5;PSIP1;EZH2;PPM1D;TP53;HMGA1;MCM4;SMC4;MCM2;HMGB3;MSH2;PRIM2;CDC25B;NBN;LMNB1;MLH1;CDKN2A;TIMELESS;TMPO;PRPS1;MCM7;CTCF;NUP205;TCF19;PMS2;CCNE1;CCP110;BRCA2;ANP32E;RPA1;CHEK2;GINS4;PAICS;NASP;TUBG1;UNG;PDS5B;POLD1;CKS1B;RPA2;TOP2A;CENPE;SMC1A;RFC2;PLK4;RAD51AP1;ATAD2;XPO1;POLD3;KPNA2"
"HALLMARK_UV_RESPONSE_DN",0.00219802881054243,0.0121391658765268,0.431707695803346,0.436933189006561,1.62111607250381,137,"DUSP1;COL11A1;MT1E;ANXA4;PDLIM5;TGFBR2;CITED2;APBB2;RBPMS;ANXA2;DDAH1;CELF2;LAMC1;LTBP1;IRS1;MYC;AMPH;PPARG;PIK3CD;RUNX1;IGF1R;SLC22A18;LPAR1;SRI;CAV1;PLCB4;F3;FBLN5;PDGFRB;MET;GRK5;SDC2;COL5A2;MAPK14;PRKAR2B;LDLR;ATP2B1;TJP1;PTPRM;MGLL;FHL2;AKT3;PRDM2;RXRA;WDR37;NEK7"
"HALLMARK_FATTY_ACID_METABOLISM",0.00424691174347348,0.0193041442885158,0.407017918923954,0.419595538470577,1.55595384647837,136,"MAOA;ACSS1;ACSL1;PTPRG;GLUL;ACADS;ADH1C;DHCR24;CPT1A;HSD17B11;LDHA;ACOT2;INMT;GABARAPL1;UGDH;MLYCD;PRDX6;GPD2;TP53INP2;ECI1;ELOVL5;SERINC1;BMPR1B;GCDH;FH;MGLL;HSDL2;HSD17B4;PPARA;ADIPOR2;PDHB;ACADM;OSTC;ENO3;ECH1"
"HALLMARK_HYPOXIA",0.00746421520932811,0.0311008967055338,0.407017918923954,0.387858060053696,1.47919859505205,166,"DUSP1;MT2A;ERRFI1;MT1E;IRS2;ATF3;CITED2;GLRX;FOXO3;MAFF;UGP2;ANXA2;SRPX;KLF6;SAP30;NFIL3;GPC4;LDHA;STC1;CHST3;LOX;ADM;CAV1;GBE1;TIPARP;RORA;F3;PFKFB3;TNFAIP3;SDC2;BTG1;STC2;PNRC1;JMJD6;DDIT4;ZFP36;TGM2;GCNT2;KDM3A"
"HALLMARK_UV_RESPONSE_UP",0.0103678684925718,0.0398764172791222,0.380730400722792,0.40803925040525,1.51391334805291,137,"MAOA;GPX3;HSPA2;IGFBP2;ATF3;MGAT1;TST;GLS;RHOB;CCND3;GCH1;KLHDC3;NR4A1;CASP3;DDX21;FURIN;SLC25A4;NFKBIA;TMBIM6;AGO2;BTG1;SOD2;CLTB;AMD1;GRPEL1;GGH;CCK;CDO1;RPN1;PPIF;CHKA;LYN"
"HALLMARK_MTORC1_SIGNALING",0.011826916453724,0.0422389873347286,0.380730400722792,-0.318575428885155,-1.37580029376287,189,"SLC6A6;CDKN1A;PHGDH;SCD;TUBA4A;PIK3R3;PSAT1;SLC7A11;SQSTM1;FDXR;ASNS;TRIB3;SHMT2;DDIT3;ACSL3;SERPINH1;INSIG1;ME1;GGA2;BHLHE40;MCM4;FGL2;MCM2;BTG2;PPA1;SLC7A5;DHCR7;NUPR1;MLLT11;TCEA1;HMGCS1;PLOD2;NUP205;NFYC;G6PD;SYTL2;CACYBP;EGLN3;P4HA1;RPA1;LTA4H;HSPA9;CYB5B;CORO1A;TUBG1;CCNG1;UNG"
"HALLMARK_MITOTIC_SPINDLE",0.0135175582246276,0.0450585274154254,0.380730400722792,0.361916491733279,1.40654108152556,196,"FGD4;SUN2;PDLIM5;ARHGAP29;NEDD9;PALLD;VCL;MYO1E;KIF5B;RAPGEF5;SSH2;PKD2;ROCK1;RALBP1;ACTN4;RANBP9;STK38L;MYH10;GSN;WASF1;AKAP13;ARHGDIA;RASAL2;ITSN1;MAP1S;FLNA;ARHGAP10;RABGAP1;HOOK3;CAPZB;ARHGEF12;ARF6;ARL8A;PCGF5;TUBGCP6;WASL;MAPRE1;SHROOM2;MYH9;SPTAN1;FLNB;CLIP1;WASF2;ARHGEF7;KLC1"
"HALLMARK_REACTIVE_OXYGEN_SPECIES_PATHWAY",0.0199232065293106,0.0622600204040957,0.352487857583619,0.498225042192,1.56534639362234,45,"GPX3;GCLM;GLRX;TXNRD1;CAT;GSR;OXSR1;PDLIM1;PRDX6;SOD2;LAMTOR5;SBNO2"
"HALLMARK_KRAS_SIGNALING_UP",0.0226377673729668,0.0665816687440201,0.352487857583619,-0.320636977458798,-1.32285879384938,143,"EPHB2;LIF;PRRX1;ALDH1A3;AKAP12;PRKG2;SOX9;ITGA2;SEMA3B;SCN1B;G0S2;MAFB;ENG;KLF4;GPNMB;VWA5A;CCND2;MALL;HDAC9;PLAU;CTSS;NGF;PTGS2;BPGM;MMP11;MMP10;TMEM158;ABCB1;CPE;EPB41L3;LY96;CD37;GADD45G;SDCCAG8;SATB1;GYPC"
"HALLMARK_APICAL_JUNCTION",0.0253723570396601,0.0704787695546113,0.352487857583619,0.369048831765599,1.39412642421616,155,"NEXN;NEGR1;ALOX15B;NF2;ITGA10;ADRA1B;VCL;IRS1;ZYX;CNN2;DSC3;RRAS;CAP1;MYL12B;ACTN4;MYH10;ACTG1;LAMA3;ADAMTS5;ACTG2;SORBS3;PARVA;CDH4;ITGB1;RSU1;GNAI1;MYL9;LAMC2;MAPK11;PKD1;ADAM23;MAPK14;VASP;ACTB;MPZL1;TJP1;HRAS;SLIT2;WASL;SHROOM2;MYH9;ITGA3;ACTN1;DHX16;AKT3;MAPK13;PIK3CB;PFN1"
"HALLMARK_BILE_ACID_METABOLISM",0.0294752720398754,0.0757919045705806,0.352487857583619,0.413820378263592,1.43733053882966,83,"ACSL1;GCLM;ABCA6;DHCR24;HSD17B11;CAT;NPC1;SLC22A18;DIO2;IDH2;MLYCD;PNPLA8;ABCA4;BMP6;CYP39A1;LIPE;HSD17B4;RXRA;CYP7B1;NEDD4;PEX16"
"HALLMARK_EPITHELIAL_MESENCHYMAL_TRANSITION",0.0303167618282322,0.0757919045705806,0.352487857583619,0.346231344353042,1.34239782891331,193,"PTX3;NNMT;FSTL3;COL11A1;LAMA2;IGFBP2;COL7A1;FBN2;FZD8;COL4A1;OXTR;ACTA2;ANPEP;COL4A2;GADD45B;TAGLN;SAT1;RHOB;LAMC1;ELN;CALD1;FSTL1;TPM4;SPOCK1;THBS1;TPM2;FERMT2;CTHRC1;INHBA;LOX;SGCB;LAMA3;COL5A3;NID2;FLNA;ITGB1;MGP;MYL9;FBLN5;TNFAIP3;LAMC2;PDGFRB;PLOD3;COL5A2;DKK1;MFAP5;GEM;TPM1"
"HALLMARK_PROTEIN_SECRETION",0.0319259868092029,0.0760142543076259,0.321775918075361,0.402964778656928,1.4188280551186,92,"CTSC;STX12;TSPAN8;SCRN1;ATP1A1;CAV2;TOM1L1;RAB2A;STX7;TSG101;NAPA;VPS4B;NAPG;ARF1;ARFGEF2;SEC22B;RER1;GALC;DNM1L;COPB1;TMX1;AP1G1;ARCN1;AP2S1;TMED10;USO1"
"HALLMARK_INTERFERON_ALPHA_RESPONSE",0.0372940352726358,0.0847591710741722,0.321775918075361,-0.351802942273385,-1.34615863106817,87,"SAMD9L;IFI44;PARP9;TRIM5;CASP1;MX1;UBA7;IFIT2;PSME2;BATF2;MOV10;TRIM14;IRF1;GBP4;IFIH1;HERC6;PSMB9;OAS1;NMI;RIPK2;CD74;IFI27;PROCR;GBP2;DDX60;EIF2AK2;RTP4;TRIM21;LY6E;PARP14;TXNIP"
"HALLMARK_MYC_TARGETS_V1",0.0397805212620027,0.086479394047832,0.266350657088526,0.342164331014435,1.32662932624897,193,"STARD7;SSB;CTPS1;MYC;RRP9;SRM;LDHA;DDX21;CCNA2;RAD23B;SERBP1;NAP1L1;CCT5;PSMD8;G3BP1;ETF1;EIF1AX;RNPS1;HNRNPA2B1;KPNB1;DEK;CUL1;PSMA7;SLC25A3;PSMD7;UBA2;TFDP1;CNBP;PRDX3;SRPK1;GSPT1;DUT;NOP16;MCM5;CAD;EIF2S1;PPIA;ABCE1;PRPS2;NOP56;RAN;SF3A1;HNRNPA1;VDAC1;SYNCRIP;PSMA1;SRSF3;RUVBL2;UBE2L3;GLO1;PA2G4;PWP1;CCT2;U2AF1;DDX18;CCT3;PSMC4;DHX15;FAM120A;EXOSC7;NOLC1;PSMD14;C1QBP;ACP1;EIF3J;YWHAE;TCP1;CCT7;COX5A;CYC1;EIF3B;SNRPD1;SNRPG;TXNL4A;PCBP1;ODC1;BUB3;RPL34"
"HALLMARK_ESTROGEN_RESPONSE_EARLY",0.0504201680672269,0.105042016806723,0.237793834423688,0.344520182764407,1.30615927224801,160,"INHBB;ENDOD1;FKBP5;ABLIM1;DHRS3;ABAT;RHOBTB3;RPS6KA2;ELF1;RAB31;MYC;NBL1;ASB13;TSKU;WFS1;MUC1;IGF1R;SLC19A2;JAK2;UGCG;TIPARP;SNX24;OPN3;ITPK1;SLC24A3;SLC1A1;ALDH3B1;WWC1;SLC26A2;STC2;ABHD2;SEC14L2;ELOVL5;MICB;GAB2;TGM2;MYOF"
"HALLMARK_INTERFERON_GAMMA_RESPONSE",0.0579463414722059,0.115892682944412,0.321775918075361,-0.300617047572292,-1.27113020290518,163,"VCAM1;CDKN1A;PLA2G4A;IFIT1;XAF1;TNFAIP2;SOCS1;TNFSF10;SAMD9L;PIM1;TNFAIP6;SECTM1;IFI44;CASP1;MX1;UPP1;IFIT2;FGL2;PTGS2;CCL7;BPGM;PSME2;HLA-A;CD274;BATF2;TRIM14;IRF1;HLA-B;OAS3;APOL6;GBP4;CCL2;IFIH1;HERC6;PSMB9;OAS2;NMI"
"HALLMARK_INFLAMMATORY_RESPONSE",0.067238912732475,0.129305601408606,0.206587922696891,0.352001579423187,1.30394145715654,132,"PDPN;RNF144B;RAF1;ATP2A2;KLF6;CD82;MYC;NAMPT;GCH1;FZD5;SGMS2;INHBA;ADM;HIF1A;LPAR1;PSEN1;TNFRSF1B;OSMR;SRI;NFKBIA;F3;SLC31A1;MET;SCARF1;CD40;SLC11A2;CSF1;PTPRE;LDLR;ACVR1B;ATP2B1"
"HALLMARK_ANGIOGENESIS",0.0772663424651191,0.137975611544856,0.287805130535564,-0.478152704864755,-1.46614020433401,29,"COL3A1;LUM;POSTN;VEGFA;JAG1;CCND2;VCAN;JAG2;S100A4;TIMP1"
"HALLMARK_CHOLESTEROL_HOMEOSTASIS",0.0748407643312102,0.137975611544856,0.206587922696891,0.402524135823806,1.34745476392624,69,"ERRFI1;CBS;ATF3;PCYT2;NFIL3;PPARG;CD9;ACTG1;ALCAM;LGMN;GNAI1;PNRC1;TM7SF2;ATXN2;LDLR"
"HALLMARK_APOPTOSIS",0.0828651685393258,0.142870980240217,0.183023938384487,0.33849219600401,1.26614535023418,142,"GPX3;ATF3;CFLAR;NEDD9;GADD45B;SAT1;EMP1;RHOB;HMGB2;GCH1;ROCK1;MCL1;GSR;VDAC2;CASP3;GSN;WEE1;HSPB1;PSEN1;GUCY2D;CAV1;ANXA1;GPX1;PDGFRB;DNAJC3;BCL2L2;SOD2;ETF1;CTH;IFNGR1;BNIP3L;DNM1L;BCAP31;SPTAN1;RELA;IGFBP6"
"HALLMARK_COAGULATION",0.107142857142857,0.167410714285714,0.16440575583821,0.359841825902511,1.27987588592835,97,"MAFF;CRIP2;MMP15;THBS1;WDR1;CD9;SERPING1;GSN;PREP;FURIN;LGMN;CFH;ANG;F10;DUSP14;RAC1;F3;GNB2;ANXA1;MMP7"
"HALLMARK_HEDGEHOG_SIGNALING",0.103960396039604,0.167410714285714,0.219250346703755,-0.435438103127345,-1.3324400932595,28,"AMOT;CDK6;VEGFA;LDB1;TLE3;THY1;GLI1;CRMP1;CELSR1;DPYSL2"
"HALLMARK_MYC_TARGETS_V2",0.103896103896104,0.167410714285714,0.175204047558551,0.408755095685661,1.32497425503441,55,"MYC;RRP9;SRM;TBRG4;UTP20;NOP2;MAP3K6;NIP7;PUS1;IMP4;NOP16;MCM5;HK2;WDR74;TMEM97;NOP56;MRTO4;PPAN;PA2G4;TFB2M;PES1;MYBBP1A;DDX18;NOLC1;GRWD1;NDUFAF4"
"HALLMARK_MYOGENESIS",0.112359550561798,0.170241743275451,0.155241966228839,0.326644129470326,1.22405013477768,146,"GPX3;LAMA2;ACSL1;ABLIM1;DAPK2;KLF5;COL4A2;DMD;GADD45B;TAGLN;APOD;DMPK;TPM2;SORBS1;FHL1;MEF2A;GSN;CKB;HDAC5;MYO1C;CRYAB;SORBS3;SYNGR2;ITGB1;CNN3;LPIN1;TEAD4;GABARAPL2;TPM3;PDLIM7;STC2;RB1;MEF2D"
"HALLMARK_APICAL_SURFACE",0.126550868486352,0.186104218362283,0.197822021315103,-0.410959933096202,-1.29120086128546,31,"EPHB4;BRCA1;SULF2;B4GALT1;MDGA1;GSTM3;LYPD3;AFAP1L2;NTNG1;THY1"
"HALLMARK_ESTROGEN_RESPONSE_LATE",0.157524613220816,0.216522318454364,0.128788713061714,0.314205318246301,1.17473272952425,143,"IMPA2;FKBP5;DCXR;RPS6KA2;TST;PLXNB1;RAB31;NBL1;EMP2;CD9;WFS1;CKB;JAK2;UGDH;CAV1;SGK1;IDH2;OPN3;ITPK1;SLC24A3;ALDH3B1;LAMC2;SLC26A2;ABHD2;ELOVL5;PRKAR2B;ZFP36;MICB;MYOF;SCUBE2;FLNB;PPIF;PAPSS2;METTL3;MAPK13;JAK1;SERPINA3;RBBP8;DLG5"
"HALLMARK_NOTCH_SIGNALING",0.164556962025316,0.216522318454364,0.173747838999571,-0.405003513014965,-1.24184581052555,29,"WNT2;NOTCH1;JAG1;LFNG;WNT5A;FZD7;DLL1"
"HALLMARK_PEROXISOME",0.163358778625954,0.216522318454364,0.132147260608774,0.3474163115264,1.21227511937669,87,"ACSL1;DHRS3;CTPS1;DHCR24;HSD17B11;CAT;SLC25A4;IDH2;MLYCD;VPS4B;SOD2;ELOVL5;ITGB1BP1;CDK7;HRAS;HSD17B4;ABCC5;CNBP;STS;ECH1;TSPO;NUDT19"
"HALLMARK_PI3K_AKT_MTOR_SIGNALING",0.163690476190476,0.216522318454364,0.190023305279108,-0.299598308683042,-1.15021493764225,91,"CDKN1A;PIK3R3;CDK4;SQSTM1;TRIB3;DDIT3;MAPK10;PLCB1;CAMK4;PTEN;NGF"
"HALLMARK_HEME_METABOLISM",0.177700348432056,0.223013493253373,0.197822021315103,-0.261606160146582,-1.10803422874362,164,"SLC6A9;AQP3;NR3C1;CLIC2;SLC7A11;ASNS;EPB41;DAAM1;TMCC2;SMOX;XPO7;SELENBP1;NFE2;P4HA2;ACP5;CLCN3;ERMAP;BPGM;TNRC6B;BTG2;BMP2K;SYNJ1;BCAM;TCEA1;TNS1;GYPC;TFDP2;SLC25A37;PRDX2;BTRC;SPTA1;UROD;NARF;BLVRB"
"HALLMARK_UNFOLDED_PROTEIN_RESPONSE",0.178410794602699,0.223013493253373,0.124434168630393,0.329646947392783,1.18409794313736,105,"ATF3;PREB;NFYB;HERPUD1;KIF5B;WIPI1;SPCS3;RRP9;WFS1;EXOSC10;BAG3;EXOSC9;DNAJC3;LSM1;STC2;DDIT4;CEBPB;EDEM1;EIF4G1;NABP1;EIF2S1;TATDN2;DDX10;KDELR3;NOP56;NOP14"
"HALLMARK_WNT_BETA_CATENIN_SIGNALING",0.196666666666667,0.239837398373984,0.125033367555272,0.408964820941358,1.22049637866069,37,"FZD8;NKD1;MYC;SKP2;AXIN2;HDAC5;GNAI1;ADAM17;DKK1"
"HALLMARK_IL6_JAK_STAT3_SIGNALING",0.215088282504013,0.256057479171444,0.116234148779716,0.352391958852546,1.16433934543595,64,"ACVRL1;MAP3K8;STAT3;PTPN11;CD9;IL17RA;TNFRSF1B;OSMR;PLA2G2A;ITGA4;CSF1;LTBR;STAT1;ACVR1B;CBL;IFNGR1"
"HALLMARK_ALLOGRAFT_REJECTION",0.247706422018349,0.28803072327715,0.154190966581424,-0.272123719424012,-1.08928283514627,113,"LIF;BRCA1;SOCS1;TGFB2;IL12A;CCND2;HDAC9;CTSS;TLR3;CCL7;BCL3;HLA-A;ICOSLG;SOCS5;C2;CDKN2A;CCL11;CCR1;CCL2;EGFR;TIMP1;THY1;TGFB1;IL6;RIPK2;EIF4G3"
"HALLMARK_KRAS_SIGNALING_DN",0.302290076335878,0.343003101623791,0.0919686140000427,0.312819194158475,1.09116293889957,88,"ZBTB16;IGFBP2;PRODH;MFSD6;GDNF;IFI44L;SGK1;THRB;RGS11;FGF22;ITIH3;PTPRJ;CYP39A1;BMPR1B;THNSL2;MAST3"
"HALLMARK_TGF_BETA_SIGNALING",0.308702791461412,0.343003101623791,0.0949751525905595,0.342301791719578,1.09519416757514,51,"RAB31;TGIF1;HIPK2;THBS1;FURIN;TJP1;PPP1CA;SMAD7;FNTA;ID2;XIAP;SERPINE1;CDK9;RHOA;ID1;SPTBN1;PPM1A;CDKN1C;APC;UBE2D3;SMURF1"
"HALLMARK_GLYCOLYSIS",0.359504132231405,0.390765361121092,0.0768736734126542,0.275327119420392,1.05269076962385,167,"IRS2;CITED2;GLRX;GLCE;UGP2;SAP30;PYGB;GPC4;LDHA;CYB5A;STC1;PPP2CB;HS2ST1;HMMR;ANG;ARPP19;B3GAT3;MET;SDC2;STC2;DDIT4;PKP2;CTH;AGL;ANGPTL4;SLC35A3;ANKZF1;SRD5A3;PGM2;CHPF;HK2;PC;PHKA2;CHST12;PPIA;TALDO1;KDELR3;MDH2"
"HALLMARK_G2M_CHECKPOINT",0.529197080291971,0.562975617331884,0.11101149245045,-0.22933656953376,-0.980280875557772,184,"MARCKS;RPS6KA5;CDK4;MEIS2;TPX2;CBX1;SMAD3;EZH2;HMGA1;SMC4;MCM2;BCL3;TLE3;HMGB3;PRIM2;CDC25B;SLC7A5;CENPF;LMNB1;KIF11;TMPO;ATRX;HSPA8;HMGN2;NUMA1;ATF5;CTCF;TGFB1;LIG3;BRCA2;SMARCC1;KIF20B;TRAIP;MEIS1;NASP;PDS5B;CKS1B;RPA2;TOP2A;CENPE;SMC1A;MTF2;PLK4;DBF4;XPO1"
"HALLMARK_SPERMATOGENESIS",0.596816976127321,0.621684350132626,0.0847985102819124,-0.249901951866744,-0.945467068359489,75,"HSPA4L;CAMK4;PARP2;IFT88;EZH2;MLF1;MAST2;ZC2HC1C;CLGN;GSTM3;NPHP1"
"HALLMARK_DNA_REPAIR",0.627586206896552,0.640394088669951,0.096887770327544,-0.229742018176066,-0.945342083176345,142,"PCNA;XPC;LIG1;TYMS;RALA;TP53;POLH;NFX1;GPX4;SEC61A1;DDB2;BCAM;ADA;VPS37D;CETN2;USP11;CSTF3;IMPDH2;SDCBP;MPC2;RAD52;POLD1;RPA2;PRIM1;RFC2;NME4;SAC3D1;POLD3;SNAPC4;POLB;SRSF6"
"HALLMARK_PANCREAS_BETA_CELLS",0.672760511882998,0.672760511882998,0.0598603117764473,0.330085717209698,0.848177523648658,19,"FOXO1;NKX6-1;AKT3"
